<?xml version="1.0" encoding="UTF-8"?>
<project-private xmlns="http://www.netbeans.org/ns/project-private/1">
    <editor-bookmarks xmlns="http://www.netbeans.org/ns/editor-bookmarks/2" lastBookmarkId="0"/>
    <open-files xmlns="http://www.netbeans.org/ns/projectui-open-files/2">
        <group>
            <file>file:/C:/Users/Ece/Desktop/Ece%20Çeliktaş%20Gale-Shapley%20algorithm/src/GaleShapley.java</file>
            <file>file:/C:/Users/Ece/Desktop/Ece%20Çeliktaş%20Gale-Shapley%20algorithm/src/Main.java</file>
        </group>
    </open-files>
</project-private>
